TimeWindow,LogLoss
24.0,2.6002400000000003
72.0,2.5972
168.0,2.59499
336.0,2.59469678370731
